ABW, Aruba, North America,103000,193,828,129
AFG, Afghanistan, Asia,22720000,652090,5976,1
AGO, Angola, Africa,12878000,1246700,6648,56
AIA, Anguilla, North America,8000,96,63.2,62
ALB, Albania, Europe,3401200,28748,3205,34
AND, Andorra, Europe,78000,468,1630,55
ANT, Netherlands Antilles,North America,217000,800,1941,33
ARE, United Arab Emirates, Asia,2441000,83600,37966,65
ARG, Argentina, South America,37032000,2780400,340238,69
ARM, Armenia, Asia,3520000,29800,1813,126
ASM, American Samoa, Oceania,68000,199,334,54
ATA, Antarctica, Antarctica,0,13120000,0,-1
ATF, French Southern territories,Antarctica,0,7780,0,-1
ATG, Antigua and Barbuda,North America,68000,442,612,63
AUS, Australia, Oceania,18886000,7741220,351182,135
AUT, Austria, Europe,8091800,83859,211860,1523
AZE, Azerbaijan, Asia,7734000,86600,4127,144
BDI, Burundi, Africa,6695000,27834,903,552
BEL, Belgium, Europe,10239000,30518,249704,179
BEN, Benin, Africa,6097000,112622,2357,187
BFA, Burkina Faso, Africa,11937000,274000,2425,549
BGD, Bangladesh, Asia,129155000,143998,32852,150
BGR, Bulgaria, Europe,8190900,110994,12178,539
BHR, Bahrain, Asia,617000,694,6366,149
BHS, Bahamas, North America,307000,13878,3527,148
BIH, Bosnia and Herzegovina,Europe,3972000,51197,2841,201
BLR, Belarus, Europe,10236000,207600,13714,3520
BLZ, Belize, North America,241000,22696,630,185
BMU, Bermuda, North America,65000,53,2328,191
BOL, Bolivia, South America,8329000,1098581,8571,194
BRA, Brazil, South America,170115000,8547403,776739,211
BRB, Barbados, North America,270000,430,2223,174
BRN, Brunei, Asia,328000,5765,11705,538
BTN, Bhutan, Asia,2124000,47000,372,192
BVT, Bouvet Island, Antarctica,0,59,0,-1
BWA, Botswana, Africa,1622000,581730,4834,204
CAF, Central African Republic,Africa,3615000,622984,1054,1889
CAN, Canada, North America,31147000,9970610,598862,1822
CCK, Cocos (Keeling) Islands,Oceania,600,14,0,2317
CHE, Switzerland, Europe,7160400,41284,264478,3248
CHL, Chile, South America,15211000,756626,72949,554
CHN, China, Asia,1277558000,9572900,982268,1891
CIV, Câ€œte d?Ivoire,Africa,14786000,322463,11345,2814
CMR, Cameroon, Africa,15085000,475442,9174,1804
COD,Congo, The Democratic Republic of the,51654000,2344858,6964,2298
COG, Congo, Africa,2943000,342000,2108,2296
COK, Cook Islands, Oceania,20000,236,100,583
COL, Colombia, South America,42321000,1138914,102896,2257
COM, Comoros, Africa,578000,1862,4401,2295
CPV, Cape Verde, Africa,428000,4033,435,1859
CRI, Costa Rica, North America,4023000,51100,10226,584
CUB, Cuba, North America,11201000,110861,17843,2413
CXR, Christmas Island, Oceania,2500,135,0,1791
CYM, Cayman Islands,North America,38000,264,1263,553
CYP, Cyprus, Asia,754700,9251,9333,2430
CZE, Czech Republic, Europe,10278100,78866,55017,3339
DEU, Germany, Europe,82164700,357022,2133367,3068
DJI, Djibouti, Africa,638000,23200,382,585
DMA, Dominica, North America,71000,751,256,586
DNK, Denmark, Europe,5330000,43094,174099,3315
DOM, Dominican Republic,North America,8495000,48511,15846,587
DZA, Algeria, Africa,31471000,2381741,49982,35
ECU, Ecuador, South America,12646000,283561,19770,594
EGY, Egypt, Africa,68470000,1001449,82710,608
ERI, Eritrea, Africa,3850000,117600,650,652
ESH, Western Sahara, Africa,293000,266000,60,2453
ESP, Spain, Europe,39441700,505992,553233,653
EST, Estonia, Europe,1439200,45227,5328,3791
ETH, Ethiopia, Africa,62565000,1104300,6353,756
FIN, Finland, Europe,5171300,338145,121914,3236
FJI, Fiji Islands, Oceania,817000,18274,1536,764
FLK, Falkland Islands,South America,2000,12173,0,763
FRA, France, Europe,59225700,551500,1424285,2974
FRO, Faroe Islands, Europe,43000,1399,0,901
FSM,Micronesia, Federated States of,119000,702,212,2689
GAB, Gabon, Africa,1226000,267668,5493,902
GBR, United Kingdom, Europe,59623400,242900,1378330,456
GEO, Georgia, Asia,4968000,69700,6064,905
GHA, Ghana, Africa,20212000,238533,7137,910
GIB, Gibraltar, Europe,25000,6,258,915
GIN, Guinea, Africa,7430000,245857,2352,926
GLP, Guadeloupe, North America,456000,1705,3501,919
GMB, Gambia, Africa,1305000,11295,320,904
GNB, Guinea-Bissau, Africa,1213000,36125,293,927
GNQ, Equatorial Guinea, Africa,453000,28051,283,2972
GRC, Greece, Europe,10545700,131626,120724,2401
GRD, Grenada, North America,94000,344,318,916
GRL, Greenland, North America,56000,2166090,0,917
GTM, Guatemala, North America,11385000,108889,19008,922
GUF, French Guiana,South America,181000,90000,681,3014
GUM, Guam, Oceania,168000,549,1197,921
GUY, Guyana, South America,861000,214969,722,928
HKG, Hong Kong, Asia,6782000,1075,166448,937
HMD,Heard Island and McDonald Islands, Antarctica,0,359,0,-1
HND, Honduras, North America,6485000,112088,5333,933
HRV, Croatia, Europe,4473000,56538,20208,2409
HTI, Haiti, North America,8222000,27750,3459,929
HUN, Hungary, Europe,10043200,93030,48267,3483
IDN, Indonesia, Asia,212107000,1904569,84982,939
IND, India, Asia,1013662000,3287263,447114,1109
IOT,"		British Indian Ocean Territory", Africa,0,78,0,-1
IRL, Ireland, Europe,3775100,70273,75921,1447
IRN, Iran, Asia,67702000,1648195,195746,1380
IRQ, Iraq, Asia,23115000,438317,11500,1365
ISL, Iceland, Europe,279000,103000,8255,1449
ISR, Israel, Asia,6217000,21056,97477,1450
ITA, Italy, Europe,57680000,301316,1161755,1464
JAM, Jamaica, North America,2583000,10990,6871,1530
JOR, Jordan, Asia,5083000,88946,7526,1786
JPN, Japan, Asia,126714000,377829,3787042,1532
KAZ, Kazakstan, Asia,16223000,2724900,24375,1864
KEN, Kenya, Africa,30080000,580367,9217,1881
KGZ, Kyrgyzstan, Asia,4699000,199900,1626,2253
KHM, Cambodia, Asia,11168000,181035,5121,1800
KIR, Kiribati, Oceania,83000,726,40.7,2256
KNA, Saint Kitts and Nevis,North America,38000,261,299,3064
KOR, South Korea, Asia,46844000,99434,320749,2331
KWT, Kuwait, Asia,1972000,17818,27037,2429
LAO, Laos, Asia,5433000,236800,1292,2432
LBN, Lebanon, Asia,3282000,10400,17121,2438
LBR, Liberia, Africa,3154000,111369,2012,2440
LBY, Libyan Arab Jamahiriya,Africa,5605000,1759540,44806,2441
LCA, Saint Lucia, North America,154000,622,571,3065
LIE, Liechtenstein, Europe,32300,160,1119,2446
LKA, Sri Lanka, Asia,18827000,65610,15706,3217
LSO, Lesotho, Africa,2153000,30355,1061,2437
LTU, Lithuania, Europe,3698500,65301,10692,2447
LUX, Luxembourg, Europe,435700,2586,16321,2452
LVA, Latvia, Europe,2424200,64589,6398,2434
MAC, Macao, Asia,473000,18,5749,2454
MAR, Morocco, Africa,28351000,446550,36124,2486
MCO, Monaco, Europe,34000,1.5,776,2695
MDA, Moldova, Europe,4380000,33851,1579,2690
MDG, Madagascar, Africa,15942000,587041,3750,2455
MDV, Maldives, Asia,286000,298,199,2463
MEX, Mexico, North America,98881000,1958201,414972,2515
MHL, Marshall Islands, Oceania,64000,181,97,2507
MKD, Macedonia, Europe,2024000,25713,1694,2460
MLI, Mali, Africa,11234000,1240192,2642,2482
MLT, Malta, Europe,380200,316,3512,2484
MMR, Myanmar, Asia,45611000,676578,180375,2710
MNG, Mongolia, Asia,2662000,1566500,1043,2696
MNP, Northern Mariana Islands,Oceania,78000,464,0,2913
MOZ, Mozambique, Africa,19680000,801590,2891,2698
MRT, Mauritania, Africa,2670000,1025520,998,2509
MSR, Montserrat, North America,11000,102,109,2697
MTQ, Martinique, North America,395000,1102,2731,2508
MUS, Mauritius, Africa,1158000,2040,4251,2511
MWI, Malawi, Africa,10925000,118484,1687,2462
MYS, Malaysia, Asia,22244000,329758,69213,2464
MYT, Mayotte, Africa,149000,373,0,2514
NAM, Namibia, Africa,1726000,824292,3101,2726
NCL, New Caledonia, Oceania,214000,18575,3563,3493
NER, Niger, Africa,10730000,1267000,1706,2738
NFK, Norfolk Island, Oceania,2000,36,0,2806
NGA, Nigeria, Africa,111506000,923768,65707,2754
NIC, Nicaragua, North America,5074000,130000,1988,2734
NIU, Niue, Oceania,2000,260,0,2805
NLD, Netherlands, Europe,15864000,41526,371362,5
NOR, Norway, Europe,4478500,323877,145895,2807
NPL, Nepal, Asia,23930000,147181,4768,2729
NRU, Nauru, Oceania,12000,21,197,2728
NZL, New Zealand, Oceania,3862000,270534,54669,3499
OMN, Oman, Asia,2542000,309500,16904,2821
PAK, Pakistan, Asia,156483000,796095,61289,2831
PAN, Panama, North America,2856000,75517,9131,2882
PCN, Pitcairn, Oceania,50,49,0,2912
PER, Peru, South America,25662000,1285216,64140,2890
PHL, Philippines, Asia,75967000,300000,65107,766
PLW, Palau, Oceania,19000,459,105,2881
PNG, Papua New Guinea, Oceania,4807000,462840,4988,2884
POL, Poland, Europe,38653600,323250,151697,2928
PRI, Puerto Rico, North America,3869000,8875,34100,2919
PRK, North Korea, Asia,24039000,120538,5332,2318
PRT, Portugal, Europe,9997600,91982,105954,2914
PRY, Paraguay, South America,5496000,406752,8444,2885
PSE, Palestine, Asia,3101000,6257,4173,4074
PYF, French Polynesia, Oceania,235000,4000,818,3016
QAT, Qatar, Asia,599000,11000,9472,2973
REU, Râ€šunion, Africa,699000,2510,8287,3017
ROM, Romania, Europe,22455500,238391,38158,3018
RUS, Russian Federation, Europe,146934000,17075400,276608,3580
RWA, Rwanda, Africa,7733000,26338,2036,3047
SAU, Saudi Arabia, Asia,21607000,2149690,137635,3173
SDN, Sudan, Africa,29490000,2505813,10162,3225
SEN, Senegal, Africa,9481000,196722,4787,3198
SGP, Singapore, Asia,3567000,618,86503,3208
SGS,South Georgia and the South Sandwich Islands, Antarctica,0,3903,0,-1
SHN, Saint Helena, Africa,6000,314,0,3063
SJM, Svalbard and Jan Mayen,Europe,3200,62422,0,938
SLB, Solomon Islands, Oceania,444000,28896,182,3161
SLE, Sierra Leone, Africa,4854000,71740,746,3207
SLV, El Salvador, North America,6276000,21041,11863,645
SMR, San Marino, Europe,27000,61,510,3171
SOM, Somalia, Africa,10097000,637657,935,3214
SPM, Saint Pierre and Miquelon,North America,7000,242,0,3067
STP, Sao Tome and Principe,Africa,147000,964,6,3172
SUR, Suriname, South America,417000,163265,870,3243
SVK, Slovakia, Europe,5398700,49012,20594,3209
SVN, Slovenia, Europe,1987800,20256,19756,3212
SWE, Sweden, Europe,8861400,449964,226492,3048
SWZ, Swaziland, Africa,1008000,17364,1206,3244
SYC, Seychelles, Africa,77000,455,536,3206
SYR, Syria, Asia,16125000,185180,65984,3250
TCA, Turks and Caicos Islands,North America,17000,430,96,3423
TCD, Chad, Africa,7651000,1284000,1208,3337
TGO, Togo, Africa,4629000,56785,1449,3332
THA, Thailand, Asia,61399000,513115,116416,3320
TJK, Tajikistan, Asia,6188000,143100,1990,3261
TKL, Tokelau, Oceania,2000,12,0,3333
TKM, Turkmenistan, Asia,4459000,488100,4397,3419
TMP, East Timor, Asia,885000,14874,0,1522
TON, Tonga, Oceania,99000,650,146,3334
TTO, Trinidad and Tobago,North America,1295000,5130,6232,3336
TUN, Tunisia, Africa,9586000,163610,20026,3349
TUR, Turkey, Asia,66591000,774815,210721,3358
TUV, Tuvalu, Oceania,12000,26,6,3424
TWN, Taiwan, Asia,22256000,36188,256254,3263
TZA, Tanzania, Africa,33517000,883749,8005,3306
UGA, Uganda, Africa,21778000,241038,6313,3425
UKR, Ukraine, Europe,50456000,603700,42168,3426
UMI,United States Minor Outlying Islands, Oceania,0,16,0,-1
URY, Uruguay, South America,3337000,175016,20831,3492
USA, United States,North America,278357000,9363520,8510700,3813
UZB, Uzbekistan, Asia,24318000,447400,14194,3503
VAT,Holy See (Vatican City State), Europe,1000,0.4,9,3538
VCT,Saint Vincent and the Grenadines, North America,114000,388,285,3066
VEN, Venezuela, South America,24170000,912050,95023,3539
VGB, Virgin Islands, British,21000,151,612,537
VIR, Virgin Islands, U.S.,93000,347,0,4067
VNM, Vietnam, Asia,79832000,331689,21929,3770
VUT, Vanuatu, Oceania,190000,12189,261,3537
WLF, Wallis and Futuna, Oceania,15000,200,0,3536
WSM, Samoa, Oceania,180000,2831,141,3169
YEM, Yemen, Asia,18112000,527968,6041,1780
YUG, Yugoslavia, Europe,10640000,102173,17000,1792
ZAF, South Africa, Africa,40377000,1221037,116729,716
ZMB, Zambia, Africa,9169000,752618,3377,3162
ZWE, Zimbabwe, Africa,11669000,390757,5951,4068
